{
	"class_name" : "PinholeCameraParameters",
	"extrinsic" : 
	[
		0.22577743701949171,
		0.055557461095429181,
		-0.9725933978027711,
		0.0,
		-0.17527008642242117,
		-0.97976444040062372,
		-0.096654219421243345,
		0.0,
		-0.95828228917077796,
		0.19228887082481586,
		-0.21147114322888316,
		0.0,
		-0.80050296612205862,
		-0.13514651496950172,
		6.3195085753914828,
		1.0
	],
	"intrinsic" : 
	{
		"height" : 720,
		"intrinsic_matrix" : 
		[
			623.53829072479584,
			0.0,
			0.0,
			0.0,
			623.53829072479584,
			0.0,
			639.5,
			359.5,
			1.0
		],
		"width" : 1280
	},
	"version_major" : 1,
	"version_minor" : 0
}