{
	"class_name" : "PinholeCameraParameters",
	"extrinsic" : 
	[
		0.21409034057034562,
		0.055557461095429195,
		-0.97523263613924616,
		0.0,
		-0.1764172899244715,
		-0.97976444040062372,
		-0.094544069841306255,
		0.0,
		-0.96075088648940554,
		0.19228887082481583,
		-0.1999568060025437,
		0.0,
		-0.75833718315959264,
		-0.13514651496950175,
		6.32886172852528,
		1.0
	],
	"intrinsic" : 
	{
		"height" : 720,
		"intrinsic_matrix" : 
		[
			623.53829072479584,
			0.0,
			0.0,
			0.0,
			623.53829072479584,
			0.0,
			639.5,
			359.5,
			1.0
		],
		"width" : 1280
	},
	"version_major" : 1,
	"version_minor" : 0
}