Class,File,Surface Area,Volume,Rectangularity,Compactness,Convexity,A3_0,A3_1,A3_2,A3_3,A3_4,A3_5,A3_6,A3_7,D1_0,D1_1,D1_2,D1_3,D1_4,D1_5,D1_6,D1_7,D2_0,D2_1,D2_2,D2_3,D2_4,D2_5,D2_6,D2_7,D3_0,D3_1,D3_2,D3_3,D3_4,D3_5,D3_6,D3_7,D4_0,D4_1,D4_2,D4_3,D4_4,D4_5,D4_6,D4_7
fish,D00012.obj,0.6200269766376397,0.020659675695999816,0.1304435142524226,4.937787356686857,0.5270458791076478,0.3247800657153043,0.24110386294215705,0.12181420491226717,0.08044825160674883,0.06850965012863626,0.0737225503704917,0.06527206328711421,0.024349351037280427,0.06544,0.38561,0.26442,0.19674,0.08064,0.00715,0.0,0.0,0.3107892903354235,0.3967751567632129,0.20223947446999105,0.07962575893301484,0.01057031949835772,0.0,0.0,0.0,0.999489323980575,0.0005106760194249595,0.0,0.0,0.0,0.0,0.0,0.0,1.0,0.0,0.0,0.0,0.0,0.0,0.0,0.0
fish,D00022.obj,0.5828252145339383,0.015170651086141755,0.12711196932381807,7.605962557652606,0.45708140273032594,0.2894650633984661,0.22145142020272093,0.1362970670983158,0.1027768142752534,0.07923844760473273,0.07439202990711835,0.06706941072185608,0.029309746791536594,0.09382,0.43932,0.23448,0.15532,0.07512,0.00194,0.0,0.0,0.3313626546435361,0.4085077583032257,0.18977237665840574,0.06235506056353448,0.008002149831297961,0.0,0.0,0.0,0.9985452653686452,0.00145473463135483,0.0,0.0,0.0,0.0,0.0,0.0,1.0,0.0,0.0,0.0,0.0,0.0,0.0,0.0
