Class,File,Amount of Faces,Amount of Vertices,Barycenter of pointcloud,Size,Biggest axis boundingbox,Barycenter distance to origin,Eigenvalues,Eigenvectors
Test,Cube.obj,12096,6050,[ 1.96265402e-12  9.05201490e-12 -2.48904057e-12],[1.         0.99022359 0.95880493],1.0000000042567647,9.59094925333828e-12,[0.04910896 0.04865972 0.04799029],"[[-1.0, 1.4834340502259788e-12, 1.8744914833481114e-15], [1.4834340502259782e-12, 1.0, -2.342310373437783e-14], [-1.874491483382858e-15, -2.342310373437505e-14, -1.0]]"
Test,Sphere.obj,20480,10242,[ 1.64116155e-17 -2.09074659e-17  5.65301023e-17],[0.99924078 0.98799241 0.99999995],0.9999999537579456,6.246691696887353e-17,[0.08152013 0.08151953 0.08151894],"[[-0.9999999999990548, 1.3750105775038265e-06, 6.527136232639012e-13], [1.375010577503826e-06, 0.9999999999990548, -1.4192900671370325e-12], [-6.527155748021391e-13, -1.4192891696475548e-12, -1.0000000000000002]]"
