Class,File,Amount of Faces,Amount of Vertices,Barycenter of pointcloud,Size,Biggest axis boundingbox,Barycenter distance to origin,Eigenvalues,Eigenvectors
test,Cube.obj,9088,4546,[-0.03730712  0.00354917 -0.0293691 ],[1.41421324 1.70710596 1.70710572],1.707105960417302,0.04761262439253242,[0.1490177  0.13492878 0.13061656],"[[-0.42542068205681544, 0.5263685787218063, 0.7361748179696854], [0.7027773689638257, -0.3203728486269219, 0.6351891116312954], [0.5701940134292856, 0.7875895867754072, -0.2336266890839894]]"
